product_name,url
Разработать стратегию ведения инстаграм (для  аккаунта стилиста),https://www.fl.ru/projects/4392941/razrabotat-strategiyu-vedeniya-instagram-dlya--akkaunta-stilista.html
Программист Андроид с опытом обработки сигналов,https://www.fl.ru/projects/4383670/programmist-android-s-opyitom-obrabotki-signalov.html
Менеджер по продажам в CALL-центр НА УДАЛЕНКЕ,https://www.fl.ru/projects/4390294/menedjer-po-prodajam-v-call-tsentr-na-udalenke.html
Доработка двух интернет-магазинов на WordPress,https://www.fl.ru/projects/4395744/dorabotka-dvuh-internet-magazinov-na-wordpress.html
Создание обложки и верстка книги,https://www.fl.ru/projects/4395743/sozdanie-oblojki-i-verstka-knigi.html
Разработка сайта,https://www.fl.ru/projects/4395742/razrabotka-sayta.html
Аналог сайта Помогатель,https://www.fl.ru/projects/4395741/analog-sayta-pomogatel.html
Нарисовать однолинейную схему ЩУ,https://www.fl.ru/projects/4395740/narisovat-odnolineynuyu-shemu-schu.html
"Требуется программист для удаленной работы C++, Python",https://www.fl.ru/projects/4395569/trebuetsya-programmist-dlya-udalennoy-rabotyi-c-python.html
Вытащить файлы из реквизита 1с  типа ХранилищеЗначения и присвоить реквизиту,https://www.fl.ru/projects/4395735/vyitaschit-faylyi-iz-rekvizita-1s--tipa-hranilischeznacheniya-i-prisvoit-rekvizitu.html
Написание текста на английском 400-600 слов,https://www.fl.ru/projects/4395734/napisanie-teksta-na-angliyskom-400-600-slov.html
Верстка Landing Page по Макету PSD,https://www.fl.ru/projects/4395733/verstka-landing-page-po-maketu-psd.html
Доработка сайта Bitrix. Внедрение системы купонов и бонусов с БД в облаке майкрософта,https://www.fl.ru/projects/4395732/dorabotka-sayta-bitrix-vnedrenie-sistemyi-kuponov-i-bonusov-s-bd-v-oblake-maykrosofta.html
Создание сайта,https://www.fl.ru/projects/4395731/sozdanie-sayta.html
Решить 2 задачи,https://www.fl.ru/projects/4393398/reshit-2-zadachi.html
Дописать программу,https://www.fl.ru/projects/4395730/dopisat-programmu.html
"BI (Qlik, Tableu etc.): панель визуализации плоской таблицы",https://www.fl.ru/projects/4395728/bi-qlik-tableu-etc-panel-vizualizatsii-ploskoy-tablitsyi.html
Написать два пресс релиза на IT тему,https://www.fl.ru/projects/4395727/napisat-dva-press-reliza-na-it-temu.html
Свадебная фотосъёмка на Бали,https://www.fl.ru/projects/4395726/svadebnaya-fotosymka-na-bali.html
Диплом,https://www.fl.ru/projects/4395725/diplom.html
Написать JavaScript для отображения popup на сайте интернет-магазина,https://www.fl.ru/projects/4395724/napisat-javascript-dlya-otobrajeniya-popup-na-sayte-internet-magazina.html
Аналитик,https://www.fl.ru/projects/4395723/analitik.html
Full Stack разработчик (Ruby on rails + Vue.js) на полный день на удаленке,https://www.fl.ru/projects/4392490/full-stack-razrabotchik-ruby-on-rails--vuejs-na-polnyiy-den-na-udalenke.html
Нужно получить тз по теме лента транспортреная,https://www.fl.ru/projects/4395720/nujno-poluchit-tz-po-teme-lenta-transportrenaya.html
4 Задачи по Дискретной Математике,https://www.fl.ru/projects/4393388/4-zadachi-po-diskretnoy-matematike.html
